method,page_number,y_coordinate,chunk_index,chunk_text,input_line,similarity_score
simple_ratio,2,708,46,rank in fair verona where we lay our scene from,     ,19
partial_ratio,2,732,44,prologue chorus 101 two households both alike in dignity families,     ,40
simple_ratio,2,720,45,both alike in dignity families rank in fair verona where, ,4
partial_ratio,2,732,43,performance david hundsness editor 2004 prologue chorus 101 two households, ,100
simple_ratio,2,732,44,prologue chorus 101 two households both alike in dignity families, two households,38
partial_ratio,2,732,43,performance david hundsness editor 2004 prologue chorus 101 two households, two households,100
token_sort_ratio,2,732,44,prologue chorus 101 two households both alike in dignity families, two households,35
token_set_ratio,2,732,44,prologue chorus 101 two households both alike in dignity families, two households,100
partial_token_sort_ratio,2,732,44,prologue chorus 101 two households both alike in dignity families, two households,79
simple_ratio,2,720,45,both alike in dignity families rank in fair verona where, two hustles full landing activity in the mirror,42
partial_ratio,2,732,44,prologue chorus 101 two households both alike in dignity families, two hustles full landing activity in the mirror,49
token_sort_ratio,2,673,52,fatal loins of these two foes fateful children 105 a, two hustles full landing activity in the mirror,51
token_set_ratio,2,673,52,fatal loins of these two foes fateful children 105 a, two hustles full landing activity in the mirror,51
partial_token_sort_ratio,2,673,52,fatal loins of these two foes fateful children 105 a, two hustles full landing activity in the mirror,57
simple_ratio,2,732,44,prologue chorus 101 two households both alike in dignity families,two households full of light and dignity theyre in a,53
partial_ratio,2,732,44,prologue chorus 101 two households both alike in dignity families,two households full of light and dignity theyre in a,64
token_sort_ratio,2,673,52,fatal loins of these two foes fateful children 105 a,two households full of light and dignity theyre in a,56
token_set_ratio,2,673,52,fatal loins of these two foes fateful children 105 a,two households full of light and dignity theyre in a,56
partial_token_sort_ratio,2,673,52,fatal loins of these two foes fateful children 105 a,two households full of light and dignity theyre in a,60
simple_ratio,2,708,46,rank in fair verona where we lay our scene from,its a good evening were all done with every layer,44
partial_ratio,2,708,46,rank in fair verona where we lay our scene from,its a good evening were all done with every layer,48
token_sort_ratio,2,650,56,piteous overthrows unfortunate pitiful downfall doth 2 with their death,its a good evening were all done with every layer,47
token_set_ratio,2,650,56,piteous overthrows unfortunate pitiful downfall doth 2 with their death,its a good evening were all done with every layer,47
partial_token_sort_ratio,2,650,57,doth 2 with their death bury their parents strife do,its a good evening were all done with every layer,48
simple_ratio,2,685,50,civil blood makes civil hands unclean civilian from forth the,a big civil hands are clean from fourth the fatal,65
partial_ratio,2,685,50,civil blood makes civil hands unclean civilian from forth the,a big civil hands are clean from fourth the fatal,73
token_sort_ratio,2,615,62,parents rage 1010 which but their childrens end naught could,a big civil hands are clean from fourth the fatal,44
token_set_ratio,2,615,61,and the continuance of their parents rage 1010 which but,a big civil hands are clean from fourth the fatal,46
partial_token_sort_ratio,2,615,62,parents rage 1010 which but their childrens end naught could,a big civil hands are clean from fourth the fatal,49
simple_ratio,2,685,51,unclean civilian from forth the fatal loins of these two,thats a plea from fourth and the fatal ones these,67
partial_ratio,2,685,51,unclean civilian from forth the fatal loins of these two,thats a plea from fourth and the fatal ones these,71
token_sort_ratio,2,592,65,now the two hours traffic of our stage performance the,thats a plea from fourth and the fatal ones these,49
token_set_ratio,2,627,60,of their deathmarkd love doomed and the continuance of their,thats a plea from fourth and the fatal ones these,52
partial_token_sort_ratio,2,592,65,now the two hours traffic of our stage performance the,thats a plea from fourth and the fatal ones these,55
simple_ratio,2,673,52,fatal loins of these two foes fateful children 105 a,the fatal ones are these two foes the past star,65
partial_ratio,2,673,52,fatal loins of these two foes fateful children 105 a,the fatal ones are these two foes the past star,70
token_sort_ratio,2,592,65,now the two hours traffic of our stage performance the,the fatal ones are these two foes the past star,53
token_set_ratio,2,638,59,end fighting the fearful passage of their deathmarkd love doomed,the fatal ones are these two foes the past star,50
partial_token_sort_ratio,2,592,65,now the two hours traffic of our stage performance the,the fatal ones are these two foes the past star,57
simple_ratio,2,662,54,pair of starcrossd lovers take their life doomed whose misadventured,the past star girls love to take their lander whose,59
partial_ratio,2,662,54,pair of starcrossd lovers take their life doomed whose misadventured,the past star girls love to take their lander whose,67
token_sort_ratio,2,592,65,now the two hours traffic of our stage performance the,the past star girls love to take their lander whose,51
token_set_ratio,2,627,60,of their deathmarkd love doomed and the continuance of their,the past star girls love to take their lander whose,57
partial_token_sort_ratio,2,592,65,now the two hours traffic of our stage performance the,the past star girls love to take their lander whose,53
simple_ratio,2,662,54,pair of starcrossd lovers take their life doomed whose misadventured,our girls love to take their letter whose misadventure pity,68
partial_ratio,2,662,54,pair of starcrossd lovers take their life doomed whose misadventured,our girls love to take their letter whose misadventure pity,73
token_sort_ratio,2,580,68,ears attend listen what here shall miss our toil shall,our girls love to take their letter whose misadventure pity,46
token_set_ratio,2,638,59,end fighting the fearful passage of their deathmarkd love doomed,our girls love to take their letter whose misadventure pity,50
partial_token_sort_ratio,2,592,66,of our stage performance the which if you with patient,our girls love to take their letter whose misadventure pity,51
simple_ratio,2,662,55,their life doomed whose misadventured piteous overthrows unfortunate pitiful downfall,whos misadventured pityous overcoast to with their death and their,54
partial_ratio,2,650,57,doth 2 with their death bury their parents strife do,whos misadventured pityous overcoast to with their death and their,63
token_sort_ratio,2,580,67,which if you with patient ears attend listen what here,whos misadventured pityous overcoast to with their death and their,48
token_set_ratio,2,627,60,of their deathmarkd love doomed and the continuance of their,whos misadventured pityous overcoast to with their death and their,52
partial_token_sort_ratio,2,533,70,strive to mend play act 1 scene 1 verona a,whos misadventured pityous overcoast to with their death and their,52
simple_ratio,2,650,57,doth 2 with their death bury their parents strife do,pityous overcrows to with their death and their parents strength,67
partial_ratio,2,650,57,doth 2 with their death bury their parents strife do,pityous overcrows to with their death and their parents strength,78
token_sort_ratio,2,580,67,which if you with patient ears attend listen what here,pityous overcrows to with their death and their parents strength,51
token_set_ratio,2,615,61,and the continuance of their parents rage 1010 which but,pityous overcrows to with their death and their parents strength,58
partial_token_sort_ratio,2,545,69,shall miss our toil shall strive to mend play act,pityous overcrows to with their death and their parents strength,45
simple_ratio,2,638,58,bury their parents strife do end fighting the fearful passage,their death and their parents strength fear of the passage,64
partial_ratio,2,650,57,doth 2 with their death bury their parents strife do,their death and their parents strength fear of the passage,72
token_sort_ratio,2,580,67,which if you with patient ears attend listen what here,their death and their parents strength fear of the passage,52
token_set_ratio,2,615,61,and the continuance of their parents rage 1010 which but,their death and their parents strength fear of the passage,63
partial_token_sort_ratio,2,533,70,strive to mend play act 1 scene 1 verona a,their death and their parents strength fear of the passage,48
simple_ratio,2,638,59,end fighting the fearful passage of their deathmarkd love doomed,theyre parents strength fearful passage of the death of our,67
partial_ratio,2,638,59,end fighting the fearful passage of their deathmarkd love doomed,theyre parents strength fearful passage of the death of our,70
token_sort_ratio,2,592,66,of our stage performance the which if you with patient,theyre parents strength fearful passage of the death of our,53
token_set_ratio,2,592,66,of our stage performance the which if you with patient,theyre parents strength fearful passage of the death of our,56
partial_token_sort_ratio,2,533,70,strive to mend play act 1 scene 1 verona a,theyre parents strength fearful passage of the death of our,50
simple_ratio,2,638,59,end fighting the fearful passage of their deathmarkd love doomed,the earth will pass it to the death of our,55
partial_ratio,2,638,59,end fighting the fearful passage of their deathmarkd love doomed,the earth will pass it to the death of our,64
token_sort_ratio,2,545,69,shall miss our toil shall strive to mend play act,the earth will pass it to the death of our,55
token_set_ratio,2,545,69,shall miss our toil shall strive to mend play act,the earth will pass it to the death of our,57
partial_token_sort_ratio,2,545,69,shall miss our toil shall strive to mend play act,the earth will pass it to the death of our,52
simple_ratio,2,592,65,now the two hours traffic of our stage performance the, its here that you are trapped at our stage,52
partial_ratio,2,592,65,now the two hours traffic of our stage performance the, its here that you are trapped at our stage,62
token_sort_ratio,2,580,68,ears attend listen what here shall miss our toil shall, its here that you are trapped at our stage,54
token_set_ratio,2,580,68,ears attend listen what here shall miss our toil shall, its here that you are trapped at our stage,56
partial_token_sort_ratio,2,580,68,ears attend listen what here shall miss our toil shall, its here that you are trapped at our stage,57
simple_ratio,2,592,66,of our stage performance the which if you with patient,continue as under pair three which but their childrens end,48
partial_ratio,2,592,66,of our stage performance the which if you with patient,continue as under pair three which but their childrens end,50
token_sort_ratio,2,580,67,which if you with patient ears attend listen what here,continue as under pair three which but their childrens end,43
token_set_ratio,2,580,67,which if you with patient ears attend listen what here,continue as under pair three which but their childrens end,50
partial_token_sort_ratio,2,580,67,which if you with patient ears attend listen what here,continue as under pair three which but their childrens end,49
simple_ratio,2,592,65,now the two hours traffic of our stage performance the,its here the two hours traffic in our stage the,73
partial_ratio,2,592,65,now the two hours traffic of our stage performance the,its here the two hours traffic in our stage the,80
token_sort_ratio,2,592,66,of our stage performance the which if you with patient,its here the two hours traffic in our stage the,55
token_set_ratio,2,592,66,of our stage performance the which if you with patient,its here the two hours traffic in our stage the,58
partial_token_sort_ratio,2,592,66,of our stage performance the which if you with patient,its here the two hours traffic in our stage the,57
simple_ratio,2,580,67,which if you with patient ears attend listen what here,which but their childrens end not to remove its here,55
partial_ratio,2,580,67,which if you with patient ears attend listen what here,which but their childrens end not to remove its here,52
token_sort_ratio,2,580,67,which if you with patient ears attend listen what here,which but their childrens end not to remove its here,49
token_set_ratio,2,580,67,which if you with patient ears attend listen what here,which but their childrens end not to remove its here,53
partial_token_sort_ratio,2,580,67,which if you with patient ears attend listen what here,which but their childrens end not to remove its here,54
simple_ratio,2,580,67,which if you with patient ears attend listen what here,but their childrens end not to remove its here the,44
partial_ratio,2,580,67,which if you with patient ears attend listen what here,but their childrens end not to remove its here the,49
token_sort_ratio,2,580,67,which if you with patient ears attend listen what here,but their childrens end not to remove its here the,48
token_set_ratio,2,580,68,ears attend listen what here shall miss our toil shall,but their childrens end not to remove its here the,51
partial_token_sort_ratio,2,475,75,take insults gregory 112 no for then we should be,but their childrens end not to remove its here the,51
simple_ratio,2,592,66,of our stage performance the which if you with patient,its here in the two hours traffic at our stage,44
partial_ratio,2,580,68,ears attend listen what here shall miss our toil shall,its here in the two hours traffic at our stage,49
token_sort_ratio,2,592,66,of our stage performance the which if you with patient,its here in the two hours traffic at our stage,56
token_set_ratio,2,580,68,ears attend listen what here shall miss our toil shall,its here in the two hours traffic at our stage,60
partial_token_sort_ratio,2,475,75,take insults gregory 112 no for then we should be,its here in the two hours traffic at our stage,54
simple_ratio,2,592,65,now the two hours traffic of our stage performance the,its here in the two hours traffic at our stage,68
partial_ratio,2,580,68,ears attend listen what here shall miss our toil shall,its here in the two hours traffic at our stage,49
token_sort_ratio,2,592,65,now the two hours traffic of our stage performance the,its here in the two hours traffic at our stage,68
token_set_ratio,2,580,68,ears attend listen what here shall miss our toil shall,its here in the two hours traffic at our stage,60
partial_token_sort_ratio,2,475,75,take insults gregory 112 no for then we should be,its here in the two hours traffic at our stage,54
simple_ratio,2,592,66,of our stage performance the which if you with patient,well wrap it to our stage the wish if you,55
partial_ratio,2,580,68,ears attend listen what here shall miss our toil shall,well wrap it to our stage the wish if you,49
token_sort_ratio,2,592,66,of our stage performance the which if you with patient,well wrap it to our stage the wish if you,59
token_set_ratio,2,580,67,which if you with patient ears attend listen what here,well wrap it to our stage the wish if you,55
partial_token_sort_ratio,2,475,74,word well not carry coals take insults gregory 112 no,well wrap it to our stage the wish if you,51
simple_ratio,2,580,67,which if you with patient ears attend listen what here,the wish if you were patient heres a tent but,65
partial_ratio,2,580,67,which if you with patient ears attend listen what here,the wish if you were patient heres a tent but,72
token_sort_ratio,2,580,67,which if you with patient ears attend listen what here,the wish if you were patient heres a tent but,63
token_set_ratio,2,592,66,of our stage performance the which if you with patient,the wish if you were patient heres a tent but,69
partial_token_sort_ratio,2,451,78,i mean if 5 we be in choler well draw,the wish if you were patient heres a tent but,56
simple_ratio,2,580,67,which if you with patient ears attend listen what here,if you were patient heres a tent but heres a,67
partial_ratio,2,580,67,which if you with patient ears attend listen what here,if you were patient heres a tent but heres a,68
token_sort_ratio,2,580,67,which if you with patient ears attend listen what here,if you were patient heres a tent but heres a,61
token_set_ratio,2,580,67,which if you with patient ears attend listen what here,if you were patient heres a tent but heres a,64
partial_token_sort_ratio,2,451,78,i mean if 5 we be in choler well draw,if you were patient heres a tent but heres a,57
simple_ratio,2,580,68,ears attend listen what here shall miss our toil shall,heres a tent but heres a mist our toilets will,68
partial_ratio,2,580,68,ears attend listen what here shall miss our toil shall,heres a tent but heres a mist our toilets will,67
token_sort_ratio,2,580,68,ears attend listen what here shall miss our toil shall,heres a tent but heres a mist our toilets will,56
token_set_ratio,2,580,68,ears attend listen what here shall miss our toil shall,heres a tent but heres a mist our toilets will,56
partial_token_sort_ratio,2,451,79,be in choler well draw and 2 angered draw our,heres a tent but heres a mist our toilets will,50
simple_ratio,2,545,69,shall miss our toil shall strive to mend play act,were here to miss our twiceless drive to bed do,56
partial_ratio,2,545,69,shall miss our toil shall strive to mend play act,were here to miss our twiceless drive to bed do,61
token_sort_ratio,2,580,68,ears attend listen what here shall miss our toil shall,were here to miss our twiceless drive to bed do,51
token_set_ratio,2,580,68,ears attend listen what here shall miss our toil shall,were here to miss our twiceless drive to bed do,59
partial_token_sort_ratio,2,428,82,you live draw your neck out of the 1 collar,were here to miss our twiceless drive to bed do,51
simple_ratio,2,545,69,shall miss our toil shall strive to mend play act,our players will strike the net do you fight your,47
partial_ratio,2,545,69,shall miss our toil shall strive to mend play act,our players will strike the net do you fight your,53
token_sort_ratio,2,545,69,shall miss our toil shall strive to mend play act,our players will strike the net do you fight your,49
token_set_ratio,2,545,69,shall miss our toil shall strive to mend play act,our players will strike the net do you fight your,52
partial_token_sort_ratio,2,428,81,weapons gregory 114 ay while you live draw your neck,our players will strike the net do you fight your,56
simple_ratio,2,498,73,sampson 111 gregory on my word well not carry coals,im trying to net it do you like your color,41
partial_ratio,2,545,69,shall miss our toil shall strive to mend play act,im trying to net it do you like your color,45
token_sort_ratio,2,545,69,shall miss our toil shall strive to mend play act,im trying to net it do you like your color,40
token_set_ratio,2,545,69,shall miss our toil shall strive to mend play act,im trying to net it do you like your color,42
partial_token_sort_ratio,2,428,82,you live draw your neck out of the 1 collar,im trying to net it do you like your color,63
simple_ratio,2,451,77,colliers coal miners sampson 113 i mean if 5 we,do you like your father i didnt like my father,39
partial_ratio,2,580,68,ears attend listen what here shall miss our toil shall,do you like your father i didnt like my father,47
token_sort_ratio,2,580,68,ears attend listen what here shall miss our toil shall,do you like your father i didnt like my father,42
token_set_ratio,2,580,68,ears attend listen what here shall miss our toil shall,do you like your father i didnt like my father,44
partial_token_sort_ratio,2,428,82,you live draw your neck out of the 1 collar,do you like your father i didnt like my father,54
simple_ratio,2,428,82,you live draw your neck out of the 1 collar,do you like your father i didnt like my father,49
partial_ratio,2,580,67,which if you with patient ears attend listen what here,do you like your father i didnt like my father,52
token_sort_ratio,2,580,67,which if you with patient ears attend listen what here,do you like your father i didnt like my father,48
token_set_ratio,2,580,68,ears attend listen what here shall miss our toil shall,do you like your father i didnt like my father,44
partial_token_sort_ratio,2,428,82,you live draw your neck out of the 1 collar,do you like your father i didnt like my father,54
simple_ratio,2,428,82,you live draw your neck out of the 1 collar,thank you for coming out of there i give you,51
partial_ratio,2,475,75,take insults gregory 112 no for then we should be,thank you for coming out of there i give you,50
token_sort_ratio,2,475,75,take insults gregory 112 no for then we should be,thank you for coming out of there i give you,49
token_set_ratio,2,475,75,take insults gregory 112 no for then we should be,thank you for coming out of there i give you,52
partial_token_sort_ratio,2,428,82,you live draw your neck out of the 1 collar,thank you for coming out of there i give you,67
simple_ratio,2,335,89,of the house of montague moves me gregory 119 to,i get my phone i get my phone i get,46
partial_ratio,2,451,77,colliers coal miners sampson 113 i mean if 5 we,i get my phone i get my phone i get,48
token_sort_ratio,2,451,77,colliers coal miners sampson 113 i mean if 5 we,i get my phone i get my phone i get,46
token_set_ratio,2,405,83,out of the 1 collar take noose sampson 116 i,i get my phone i get my phone i get,34
partial_token_sort_ratio,2,358,88,strike sampson 118 a dog of the house of montague,i get my phone i get my phone i get,46
simple_ratio,2,335,91,move is to stir and to be valiant is to,oh my god were coming at us sir its the,46
partial_ratio,2,463,76,for then we should be colliers coal miners sampson 113,oh my god were coming at us sir its the,46
token_sort_ratio,2,463,76,for then we should be colliers coal miners sampson 113,oh my god were coming at us sir its the,47
token_set_ratio,2,358,88,strike sampson 118 a dog of the house of montague,oh my god were coming at us sir its the,49
partial_token_sort_ratio,2,335,91,move is to stir and to be valiant is to,oh my god were coming at us sir its the,50
simple_ratio,2,288,98,the wall of any man or maid of montagues make,do you fight for a fucking monster its the war,44
partial_ratio,2,428,82,you live draw your neck out of the 1 collar,do you fight for a fucking monster its the war,53
token_sort_ratio,2,428,82,you live draw your neck out of the 1 collar,do you fight for a fucking monster its the war,47
token_set_ratio,2,358,88,strike sampson 118 a dog of the house of montague,do you fight for a fucking monster its the war,48
partial_token_sort_ratio,2,300,94,art moved thou runnst away sampson 1112 a dog of,do you fight for a fucking monster its the war,52
simple_ratio,2,265,101,that shows thee a weak slave 2 for the weakest,its the war side if i say no sir i,45
partial_ratio,2,335,90,moves me gregory 119 to move is to stir and,its the war side if i say no sir i,49
token_sort_ratio,2,358,88,strike sampson 118 a dog of the house of montague,its the war side if i say no sir i,43
token_set_ratio,2,335,91,move is to stir and to be valiant is to,its the war side if i say no sir i,48
partial_token_sort_ratio,2,288,97,to stand i will take the wall of any man,its the war side if i say no sir i,51
simple_ratio,2,218,108,ever thrust to the wall therefore i will push montagues,its the law outside if i say uh no sir,45
partial_ratio,2,335,89,of the house of montague moves me gregory 119 to,its the law outside if i say uh no sir,50
token_sort_ratio,2,300,94,art moved thou runnst away sampson 1112 a dog of,its the law outside if i say uh no sir,47
token_set_ratio,2,323,93,stand brave therefore if thou art moved thou runnst away,its the law outside if i say uh no sir,47
partial_token_sort_ratio,2,265,101,that shows thee a weak slave 2 for the weakest,its the law outside if i say uh no sir,49
simple_ratio,2,218,108,ever thrust to the wall therefore i will push montagues,its the law outside if i say uh no sir,45
partial_ratio,2,335,89,of the house of montague moves me gregory 119 to,its the law outside if i say uh no sir,50
token_sort_ratio,2,300,94,art moved thou runnst away sampson 1112 a dog of,its the law outside if i say uh no sir,47
token_set_ratio,2,323,93,stand brave therefore if thou art moved thou runnst away,its the law outside if i say uh no sir,47
partial_token_sort_ratio,2,206,109,therefore i will push montagues always men from the wall,its the law outside if i say uh no sir,50
simple_ratio,2,218,108,ever thrust to the wall therefore i will push montagues,its the law outside if i say uh no sir,45
partial_ratio,2,335,89,of the house of montague moves me gregory 119 to,its the law outside if i say uh no sir,50
token_sort_ratio,2,300,94,art moved thou runnst away sampson 1112 a dog of,its the law outside if i say uh no sir,47
token_set_ratio,2,323,93,stand brave therefore if thou art moved thou runnst away,its the law outside if i say uh no sir,47
partial_token_sort_ratio,2,206,109,therefore i will push montagues always men from the wall,its the law outside if i say uh no sir,50
simple_ratio,2,206,110,always men from the wall and thrust his maids to,i say uh no sir i do not like chocolate,37
partial_ratio,2,335,91,move is to stir and to be valiant is to,i say uh no sir i do not like chocolate,50
token_sort_ratio,2,323,93,stand brave therefore if thou art moved thou runnst away,i say uh no sir i do not like chocolate,42
token_set_ratio,2,300,95,sampson 1112 a dog of that house shall move me,i say uh no sir i do not like chocolate,43
partial_token_sort_ratio,2,206,109,therefore i will push montagues always men from the wall,i say uh no sir i do not like chocolate,48
simple_ratio,2,159,116,one i will show myself a tyrant when i all,i cant stop you cant stop you cant stop what,44
partial_ratio,2,335,91,move is to stir and to be valiant is to,i cant stop you cant stop you cant stop what,55
token_sort_ratio,2,323,93,stand brave therefore if thou art moved thou runnst away,i cant stop you cant stop you cant stop what,48
token_set_ratio,2,288,97,to stand i will take the wall of any man,i cant stop you cant stop you cant stop what,40
partial_token_sort_ratio,2,183,113,the quarrel is between our masters and us their men,i cant stop you cant stop you cant stop what,47
simple_ratio,3,755,124,the maids sampson 1126 ay the heads of the maids,no im sorry im poor i serve as good a,40
partial_ratio,2,335,90,moves me gregory 119 to move is to stir and,no im sorry im poor i serve as good a,50
token_sort_ratio,2,276,99,or maid of montagues make them step aside gregory 1114,no im sorry im poor i serve as good a,46
token_set_ratio,2,276,99,or maid of montagues make them step aside gregory 1114,no im sorry im poor i serve as good a,45
partial_token_sort_ratio,2,159,116,one i will show myself a tyrant when i all,no im sorry im poor i serve as good a,49
simple_ratio,3,720,130,1 sense that feel it feel what i do to,im gonna serve that as coo im gonna ask you,42
partial_ratio,2,335,91,move is to stir and to be valiant is to,im gonna serve that as coo im gonna ask you,46
token_sort_ratio,2,288,98,the wall of any man or maid of montagues make,im gonna serve that as coo im gonna ask you,41
token_set_ratio,2,253,102,slave 2 for the weakest weakling 1 coward goes to,im gonna serve that as coo im gonna ask you,43
partial_token_sort_ratio,2,148,117,a tyrant when i all the same prove have fought,im gonna serve that as coo im gonna ask you,48
simple_ratio,3,685,134,am able to stand and tis known i am a,man its you no measure no measure wow sir you,44
partial_ratio,2,323,92,to be valiant is to stand brave therefore if thou,man its you no measure no measure wow sir you,52
token_sort_ratio,2,288,98,the wall of any man or maid of montagues make,man its you no measure no measure wow sir you,44
token_set_ratio,2,229,105,the wall sampson 1116 tis true and therefore women being,man its you no measure no measure wow sir you,40
partial_token_sort_ratio,2,139,121,maids and 5 cut off their heads i will 2,man its you no measure no measure wow sir you,48
simple_ratio,3,662,138,tis well thou art not fish if thou hadst if,no measure no measure well sir you say that i,45
partial_ratio,2,276,99,or maid of montagues make them step aside gregory 1114,no measure no measure well sir you say that i,48
token_sort_ratio,2,288,98,the wall of any man or maid of montagues make,no measure no measure well sir you say that i,51
token_set_ratio,2,194,111,and thrust his maids to the wall women gregory 1120,no measure no measure well sir you say that i,45
partial_token_sort_ratio,3,743,126,or their maidenheads virginity take it in what sense thou,no measure no measure well sir you say that i,51
simple_ratio,3,662,138,tis well thou art not fish if thou hadst if,okay no better well its better you say that i,48
partial_ratio,2,253,103,weakling 1 coward goes to the wall backs up against,okay no better well its better you say that i,48
token_sort_ratio,2,288,97,to stand i will take the wall of any man,okay no better well its better you say that i,42
token_set_ratio,2,183,113,the quarrel is between our masters and us their men,okay no better well its better you say that i,49
partial_token_sort_ratio,3,720,130,1 sense that feel it feel what i do to,okay no better well its better you say that i,53
simple_ratio,3,662,138,tis well thou art not fish if thou hadst if,no measure well sir you say that it comes with,47
partial_ratio,2,206,110,always men from the wall and thrust his maids to,no measure well sir you say that it comes with,50
token_sort_ratio,2,288,96,that house shall move me to stand i will take,no measure well sir you say that it comes with,51
token_set_ratio,2,148,118,the same prove have fought with the men i will,no measure well sir you say that it comes with,55
partial_token_sort_ratio,3,720,129,they must take it in 1 sense that feel it,no measure well sir you say that it comes with,49
simple_ratio,3,662,138,tis well thou art not fish if thou hadst if,well sir you say that i dont know what my,52
partial_ratio,2,159,116,one i will show myself a tyrant when i all,well sir you say that i dont know what my,47
token_sort_ratio,2,288,96,that house shall move me to stand i will take,well sir you say that i dont know what my,49
token_set_ratio,2,148,118,the same prove have fought with the men i will,well sir you say that i dont know what my,48
partial_token_sort_ratio,3,720,129,they must take it in 1 sense that feel it,well sir you say that i dont know what my,51
simple_ratio,3,662,138,tis well thou art not fish if thou hadst if,well lets say we say that it comes with my,45
partial_ratio,3,755,124,the maids sampson 1126 ay the heads of the maids,well lets say we say that it comes with my,50
token_sort_ratio,2,288,96,that house shall move me to stand i will take,well lets say we say that it comes with my,55
token_set_ratio,2,148,118,the same prove have fought with the men i will,well lets say we say that it comes with my,58
partial_token_sort_ratio,3,720,129,they must take it in 1 sense that feel it,well lets say we say that it comes with my,52
simple_ratio,3,627,144,two 1 of the house of montagues 2 sword the,you say that everyones gonna let us just kiss them,45
partial_ratio,3,720,129,they must take it in 1 sense that feel it,you say that everyones gonna let us just kiss them,47
token_sort_ratio,2,229,104,the wall backs up against the wall sampson 1116 tis,you say that everyones gonna let us just kiss them,44
token_set_ratio,2,148,117,a tyrant when i all the same prove have fought,you say that everyones gonna let us just kiss them,42
partial_token_sort_ratio,3,720,129,they must take it in 1 sense that feel it,you say that everyones gonna let us just kiss them,56
simple_ratio,3,556,151,do you mean sampson 1137 fear me not trust me,can you say that i dont know what my masters,43
partial_ratio,3,720,130,1 sense that feel it feel what i do to,can you say that i dont know what my masters,51
token_sort_ratio,2,206,109,therefore i will push montagues always men from the wall,can you say that i dont know what my masters,44
token_set_ratio,2,148,117,a tyrant when i all the same prove have fought,can you say that i dont know what my masters,47
partial_token_sort_ratio,3,720,130,1 sense that feel it feel what i do to,can you say that i dont know what my masters,53
simple_ratio,3,486,157,let them begin of 2 sides 2 gregory 1141 i,thats what im going to ask just kidding yes veteran,43
partial_ratio,3,720,130,1 sense that feel it feel what i do to,thats what im going to ask just kidding yes veteran,53
token_sort_ratio,2,206,110,always men from the wall and thrust his maids to,thats what im going to ask just kidding yes veteran,46
token_set_ratio,2,159,116,one i will show myself a tyrant when i all,thats what im going to ask just kidding yes veteran,44
partial_token_sort_ratio,3,720,130,1 sense that feel it feel what i do to,thats what im going to ask just kidding yes veteran,50
simple_ratio,3,486,160,by and let them take it as they list please, yes better better better from better remember it remember us,40
partial_ratio,3,720,129,they must take it in 1 sense that feel it, yes better better better from better remember it remember us,46
token_sort_ratio,2,183,113,the quarrel is between our masters and us their men, yes better better better from better remember it remember us,41
token_set_ratio,2,148,117,a tyrant when i all the same prove have fought, yes better better better from better remember it remember us,37
partial_token_sort_ratio,3,720,130,1 sense that feel it feel what i do to, yes better better better from better remember it remember us,41
simple_ratio,3,428,167,it take it without a fight bites his thumb abram,yes better bye from yeah bring it in remember that,43
partial_ratio,3,720,129,they must take it in 1 sense that feel it,yes better bye from yeah bring it in remember that,49
token_sort_ratio,2,183,113,the quarrel is between our masters and us their men,yes better bye from yeah bring it in remember that,44
token_set_ratio,2,148,117,a tyrant when i all the same prove have fought,yes better bye from yeah bring it in remember that,42
partial_token_sort_ratio,3,720,129,they must take it in 1 sense that feel it,yes better bye from yeah bring it in remember that,53
simple_ratio,3,370,172,thumb sir abram 1147 do you bite your thumb at,thats what im saying wow throw yeah you know its,43
partial_ratio,3,720,128,wilt whatever meaning gregory 1128 they must take it in,thats what im saying wow throw yeah you know its,50
token_sort_ratio,2,148,119,with the men i will be civil with the humane,thats what im saying wow throw yeah you know its,43
token_set_ratio,2,159,116,one i will show myself a tyrant when i all,thats what im saying wow throw yeah you know its,41
partial_token_sort_ratio,3,720,130,1 sense that feel it feel what i do to,thats what im saying wow throw yeah you know its,55
simple_ratio,3,335,177,i say ay of 2 yes gregory aside to sampson,thats it wow trump yeah remember it remember that swashing,44
partial_ratio,3,720,130,1 sense that feel it feel what i do to,thats it wow trump yeah remember it remember that swashing,47
token_sort_ratio,3,743,126,or their maidenheads virginity take it in what sense thou,thats it wow trump yeah remember it remember that swashing,43
token_set_ratio,2,113,122,their heads i will 2 gregory 1125 the heads of,thats it wow trump yeah remember it remember that swashing,40
partial_token_sort_ratio,3,720,130,1 sense that feel it feel what i do to,thats it wow trump yeah remember it remember that swashing,50
simple_ratio,3,288,181,my thumb at you sir but i bite my thumb,wow trump yeah he moved bring it in remember that,45
partial_ratio,3,720,129,they must take it in 1 sense that feel it,wow trump yeah he moved bring it in remember that,51
token_sort_ratio,3,720,129,they must take it in 1 sense that feel it,wow trump yeah he moved bring it in remember that,49
token_set_ratio,3,720,129,they must take it in 1 sense that feel it,wow trump yeah he moved bring it in remember that,51
partial_token_sort_ratio,3,720,129,they must take it in 1 sense that feel it,wow trump yeah he moved bring it in remember that,55
simple_ratio,3,218,186,sampson 1155 but if you do sir i am for,put up your sword you dont know how to do,43
partial_ratio,3,685,134,am able to stand and tis known i am a,put up your sword you dont know how to do,46
token_sort_ratio,3,685,134,am able to stand and tis known i am a,put up your sword you dont know how to do,38
token_set_ratio,3,685,134,am able to stand and tis known i am a,put up your sword you dont know how to do,40
partial_token_sort_ratio,3,685,134,am able to stand and tis known i am a,put up your sword you dont know how to do,45
simple_ratio,3,218,186,sampson 1155 but if you do sir i am for,i love your sword you dont know how much you,41
partial_ratio,3,685,134,am able to stand and tis known i am a,i love your sword you dont know how much you,51
token_sort_ratio,3,685,135,tis known i am a pretty 2 piece of flesh,i love your sword you dont know how much you,40
token_set_ratio,3,685,135,tis known i am a pretty 2 piece of flesh,i love your sword you dont know how much you,42
partial_token_sort_ratio,3,650,139,fish if thou hadst if you were thou hadst been,i love your sword you dont know how much you,47
simple_ratio,3,124,194,here comes one of my masters kinsmen relatives sampson 1161,what are you drawin him on me heartless piles ha,43
partial_ratio,3,685,134,am able to stand and tis known i am a,what are you drawin him on me heartless piles ha,54
token_sort_ratio,3,627,143,draw thy tool here comes two 1 of the house,what are you drawin him on me heartless piles ha,51
token_set_ratio,3,627,143,draw thy tool here comes two 1 of the house,what are you drawin him on me heartless piles ha,51
partial_token_sort_ratio,3,627,143,draw thy tool here comes two 1 of the house,what are you drawin him on me heartless piles ha,51
simple_ratio,3,124,194,here comes one of my masters kinsmen relatives sampson 1161,are you draw them amazing heartless kiles turn them all,40
partial_ratio,3,638,141,poorjohn a poor catch abram another montague servant enter armed,are you draw them amazing heartless kiles turn them all,47
token_sort_ratio,3,627,143,draw thy tool here comes two 1 of the house,are you draw them amazing heartless kiles turn them all,53
token_set_ratio,3,627,142,another montague servant enter armed draw thy tool here comes,are you draw them amazing heartless kiles turn them all,49
partial_token_sort_ratio,3,627,143,draw thy tool here comes two 1 of the house,are you draw them amazing heartless kiles turn them all,58
simple_ratio,3,124,194,here comes one of my masters kinsmen relatives sampson 1161,are you drawin him on me heartless hiles ha ha,44
partial_ratio,3,627,142,another montague servant enter armed draw thy tool here comes,are you drawin him on me heartless hiles ha ha,53
token_sort_ratio,3,627,143,draw thy tool here comes two 1 of the house,are you drawin him on me heartless hiles ha ha,47
token_set_ratio,3,627,143,draw thy tool here comes two 1 of the house,are you drawin him on me heartless hiles ha ha,49
partial_token_sort_ratio,3,627,143,draw thy tool here comes two 1 of the house,are you drawin him on me heartless hiles ha ha,49
simple_ratio,3,116,195,masters kinsmen relatives sampson 1161 yes better sir 2 not,of all these heartless piles turn your medical wheel and,40
partial_ratio,3,580,148,i will back thee unsheathed fight gregory 1136 how turn,of all these heartless piles turn your medical wheel and,50
token_sort_ratio,3,556,151,do you mean sampson 1137 fear me not trust me,of all these heartless piles turn your medical wheel and,48
token_set_ratio,3,556,151,do you mean sampson 1137 fear me not trust me,of all these heartless piles turn your medical wheel and,49
partial_token_sort_ratio,3,627,142,another montague servant enter armed draw thy tool here comes,of all these heartless piles turn your medical wheel and,49
simple_ratio,4,697,203,put up your swords you know not what you do,turn your metabolic level and look upon your death and,43
partial_ratio,3,513,156,on 1 our side 1 let them begin of 2,turn your metabolic level and look upon your death and,50
token_sort_ratio,3,568,150,thy back and run how do you mean sampson 1137,turn your metabolic level and look upon your death and,53
token_set_ratio,3,568,150,thy back and run how do you mean sampson 1137,turn your metabolic level and look upon your death and,51
partial_token_sort_ratio,3,568,150,thy back and run how do you mean sampson 1137,turn your metabolic level and look upon your death and,53
simple_ratio,4,662,208,deerservants turn thee benvolio look upon thy death face your,and look upon your death as you can keep the,50
partial_ratio,3,486,159,will frown as i pass by and let them take,and look upon your death as you can keep the,50
token_sort_ratio,3,568,150,thy back and run how do you mean sampson 1137,and look upon your death as you can keep the,52
token_set_ratio,3,568,150,thy back and run how do you mean sampson 1137,and look upon your death as you can keep the,52
partial_token_sort_ratio,3,568,150,thy back and run how do you mean sampson 1137,and look upon your death as you can keep the,55
simple_ratio,4,662,208,deerservants turn thee benvolio look upon thy death face your,and look upon your death as you can keep the,50
partial_ratio,3,486,159,will frown as i pass by and let them take,and look upon your death as you can keep the,50
token_sort_ratio,3,568,150,thy back and run how do you mean sampson 1137,and look upon your death as you can keep the,52
token_set_ratio,3,568,150,thy back and run how do you mean sampson 1137,and look upon your death as you can keep the,52
partial_token_sort_ratio,3,568,150,thy back and run how do you mean sampson 1137,and look upon your death as you can keep the,55
simple_ratio,4,592,216,1171 what drawn and talk of peace i hate the,you are dead thats completely the peace in the closeest,48
partial_ratio,3,486,160,by and let them take it as they list please,you are dead thats completely the peace in the closeest,56
token_sort_ratio,3,510,154,fear thee indeed sampson 1139 let us take the law,you are dead thats completely the peace in the closeest,48
token_set_ratio,3,510,154,fear thee indeed sampson 1139 let us take the law,you are dead thats completely the peace in the closeest,48
partial_token_sort_ratio,3,510,154,fear thee indeed sampson 1139 let us take the law,you are dead thats completely the peace in the closeest,54
simple_ratio,4,580,218,word your sword drawn as i hate hell all montagues,i keep the words i tell all the molecules and,51
partial_ratio,3,486,160,by and let them take it as they list please,i keep the words i tell all the molecules and,50
token_sort_ratio,3,486,160,by and let them take it as they list please,i keep the words i tell all the molecules and,55
token_set_ratio,3,486,159,will frown as i pass by and let them take,i keep the words i tell all the molecules and,55
partial_token_sort_ratio,3,486,160,by and let them take it as they list please,i keep the words i tell all the molecules and,59
simple_ratio,4,580,217,of peace i hate the word your sword drawn as,and drawn in top of peace i heal the words,53
partial_ratio,3,486,160,by and let them take it as they list please,and drawn in top of peace i heal the words,49
token_sort_ratio,3,451,166,to them if they bear it take it without a,and drawn in top of peace i heal the words,53
token_set_ratio,3,451,166,to them if they bear it take it without a,and drawn in top of peace i heal the words,52
partial_token_sort_ratio,3,451,166,to them if they bear it take it without a,and drawn in top of peace i heal the words,57
simple_ratio,4,580,217,of peace i hate the word your sword drawn as,all in top of peace i heal the words i,59
partial_ratio,3,486,160,by and let them take it as they list please,all in top of peace i heal the words i,51
token_sort_ratio,3,451,166,to them if they bear it take it without a,all in top of peace i heal the words i,58
token_set_ratio,3,451,166,to them if they bear it take it without a,all in top of peace i heal the words i,57
partial_token_sort_ratio,3,451,166,to them if they bear it take it without a,all in top of peace i heal the words i,60
simple_ratio,4,580,217,of peace i hate the word your sword drawn as,peace i keep the words i tell all the molecules,53
partial_ratio,3,486,160,by and let them take it as they list please,peace i keep the words i tell all the molecules,52
token_sort_ratio,3,451,166,to them if they bear it take it without a,peace i keep the words i tell all the molecules,48
token_set_ratio,3,451,166,to them if they bear it take it without a,peace i keep the words i tell all the molecules,43
partial_token_sort_ratio,3,451,166,to them if they bear it take it without a,peace i keep the words i tell all the molecules,52
simple_ratio,4,580,218,word your sword drawn as i hate hell all montagues,i keep the words i hate help all the more,57
partial_ratio,3,463,162,sampson 1143 nay as they dare i will bite my,i keep the words i hate help all the more,52
token_sort_ratio,3,451,166,to them if they bear it take it without a,i keep the words i hate help all the more,54
token_set_ratio,3,451,166,to them if they bear it take it without a,i keep the words i hate help all the more,49
partial_token_sort_ratio,3,451,166,to them if they bear it take it without a,i keep the words i hate help all the more,57
simple_ratio,4,580,218,word your sword drawn as i hate hell all montagues,the words i hate help all the more to use,59
partial_ratio,3,463,163,dare i will bite my thumb at them give the,the words i hate help all the more to use,50
token_sort_ratio,3,451,166,to them if they bear it take it without a,the words i hate help all the more to use,54
token_set_ratio,3,451,166,to them if they bear it take it without a,the words i hate help all the more to use,53
partial_token_sort_ratio,3,451,166,to them if they bear it take it without a,the words i hate help all the more to use,57
simple_ratio,4,568,219,i hate hell all montagues and thee have at thee,they have all the more to use and you have,56
partial_ratio,3,451,166,to them if they bear it take it without a,they have all the more to use and you have,52
token_sort_ratio,3,451,166,to them if they bear it take it without a,they have all the more to use and you have,53
token_set_ratio,3,451,166,to them if they bear it take it without a,they have all the more to use and you have,56
partial_token_sort_ratio,3,451,166,to them if they bear it take it without a,they have all the more to use and you have,55
simple_ratio,4,580,218,word your sword drawn as i hate hell all montagues, now how are you how are you how are you,44
partial_ratio,3,405,169,1145 do you bite your thumb at us sir sampson, now how are you how are you how are you,50
token_sort_ratio,3,358,173,you bite your thumb at us sir sampson aside to, now how are you how are you how are you,54
token_set_ratio,3,370,172,thumb sir abram 1147 do you bite your thumb at, now how are you how are you how are you,40
partial_token_sort_ratio,3,358,173,you bite your thumb at us sir sampson aside to, now how are you how are you how are you,54
simple_ratio,4,510,224,weapons down with the capulets down with the montagues lord,time to do better its all right its all right,44
partial_ratio,3,405,169,1145 do you bite your thumb at us sir sampson,time to do better its all right its all right,44
token_sort_ratio,3,300,180,sir i do not bite my thumb at you sir,time to do better its all right its all right,51
token_set_ratio,3,300,180,sir i do not bite my thumb at you sir,time to do better its all right its all right,56
partial_token_sort_ratio,3,300,180,sir i do not bite my thumb at you sir,time to do better its all right its all right,53
simple_ratio,4,475,229,my long sword ho outdated weapon lady capulet mocking his,im going to go back in the middle oh my,42
partial_ratio,3,346,174,us sir sampson aside to gregory 1148 is the law,im going to go back in the middle oh my,47
token_sort_ratio,3,288,181,my thumb at you sir but i bite my thumb,im going to go back in the middle oh my,46
token_set_ratio,3,300,180,sir i do not bite my thumb at you sir,im going to go back in the middle oh my,50
partial_token_sort_ratio,3,288,181,my thumb at you sir but i bite my thumb,im going to go back in the middle oh my,49
simple_ratio,4,475,229,my long sword ho outdated weapon lady capulet mocking his,im going to pack it out im going to pack,43
partial_ratio,3,300,180,sir i do not bite my thumb at you sir,im going to pack it out im going to pack,45
token_sort_ratio,3,300,180,sir i do not bite my thumb at you sir,im going to pack it out im going to pack,42
token_set_ratio,3,300,180,sir i do not bite my thumb at you sir,im going to pack it out im going to pack,39
partial_token_sort_ratio,3,218,187,do sir i am for you i serve will fight,im going to pack it out im going to pack,49
simple_ratio,4,416,236,his blade in spite of me waves to spite montague,various subjects enemies to peace programmers of this neighbor stay,43
partial_ratio,3,218,187,do sir i am for you i serve will fight,various subjects enemies to peace programmers of this neighbor stay,43
token_sort_ratio,3,206,188,you i serve will fight you as good a man,various subjects enemies to peace programmers of this neighbor stay,39
token_set_ratio,3,265,182,but i bite my thumb sir gregory 1153 do you,various subjects enemies to peace programmers of this neighbor stay,38
partial_token_sort_ratio,3,136,193,to sampson 1159 say better here comes one of my,various subjects enemies to peace programmers of this neighbor stay,49
simple_ratio,4,346,244,enters with attendants 1183 rebellious subjects enemies to peace profaners,such as enemies to peace proveyors of this neighbor stay,48
partial_ratio,3,124,194,here comes one of my masters kinsmen relatives sampson 1161,such as enemies to peace proveyors of this neighbor stay,44
token_sort_ratio,3,136,193,to sampson 1159 say better here comes one of my,such as enemies to peace proveyors of this neighbor stay,47
token_set_ratio,3,218,187,do sir i am for you i serve will fight,such as enemies to peace proveyors of this neighbor stay,43
partial_token_sort_ratio,3,136,193,to sampson 1159 say better here comes one of my,such as enemies to peace proveyors of this neighbor stay,48
simple_ratio,4,335,246,of this neighborstaind steel offenders bloody will they not hearwhat,provellers of this neighbor stay in steel will they not,65
partial_ratio,4,720,200,thy washing blow slashing stroke they fight benvolio enters sword,provellers of this neighbor stay in steel will they not,47
token_sort_ratio,4,743,199,you be men gregory remember thy washing blow slashing stroke,provellers of this neighbor stay in steel will they not,47
token_set_ratio,3,218,187,do sir i am for you i serve will fight,provellers of this neighbor stay in steel will they not,46
partial_token_sort_ratio,4,743,199,you be men gregory remember thy washing blow slashing stroke,provellers of this neighbor stay in steel will they not,50
simple_ratio,4,335,246,of this neighborstaind steel offenders bloody will they not hearwhat,its a neverstaying steel well theyre not here but holy,56
partial_ratio,4,720,200,thy washing blow slashing stroke they fight benvolio enters sword,its a neverstaying steel well theyre not here but holy,46
token_sort_ratio,4,743,199,you be men gregory remember thy washing blow slashing stroke,its a neverstaying steel well theyre not here but holy,47
token_set_ratio,3,148,191,no better sampson 1158 well sir gregory sees tybalt coming,its a neverstaying steel well theyre not here but holy,48
partial_token_sort_ratio,4,743,199,you be men gregory remember thy washing blow slashing stroke,its a neverstaying steel well theyre not here but holy,52
simple_ratio,4,335,247,bloody will they not hearwhat ho you men you beasts,well let out here what holy babies prevent the fire,50
partial_ratio,4,662,207,drawn among these heartless hinds deerservants turn thee benvolio look,well let out here what holy babies prevent the fire,49
token_sort_ratio,4,685,204,know not what you do put away tybalt enters to,well let out here what holy babies prevent the fire,45
token_set_ratio,3,148,191,no better sampson 1158 well sir gregory sees tybalt coming,well let out here what holy babies prevent the fire,44
partial_token_sort_ratio,4,685,204,know not what you do put away tybalt enters to,well let out here what holy babies prevent the fire,49
simple_ratio,4,335,247,bloody will they not hearwhat ho you men you beasts,will they not hear what holy baby beasts prevent the,67
partial_ratio,4,662,207,drawn among these heartless hinds deerservants turn thee benvolio look,will they not hear what holy baby beasts prevent the,48
token_sort_ratio,4,685,204,know not what you do put away tybalt enters to,will they not hear what holy baby beasts prevent the,55
token_set_ratio,3,148,191,no better sampson 1158 well sir gregory sees tybalt coming,will they not hear what holy baby beasts prevent the,47
partial_token_sort_ratio,4,685,204,know not what you do put away tybalt enters to,will they not hear what holy baby beasts prevent the,57
simple_ratio,4,323,248,ho you men you beasts that quench the fire of,all you may be is prevent the fact that youre,51
partial_ratio,4,615,213,sword just put away or manage it to part these,all you may be is prevent the fact that youre,51
token_sort_ratio,4,697,203,put up your swords you know not what you do,all you may be is prevent the fact that youre,48
token_set_ratio,4,743,198,lie sampson 1163 draw if you be men gregory remember,all you may be is prevent the fact that youre,43
partial_token_sort_ratio,4,697,203,put up your swords you know not what you do,all you may be is prevent the fact that youre,53
simple_ratio,4,311,249,that quench the fire of your pernicious rage deadly with,to witness the fire of your delicious rage with purple,69
partial_ratio,4,580,217,of peace i hate the word your sword drawn as,to witness the fire of your delicious rage with purple,51
token_sort_ratio,4,638,209,upon thy death face your death draws his sword benvolio,to witness the fire of your delicious rage with purple,48
token_set_ratio,4,743,199,you be men gregory remember thy washing blow slashing stroke,to witness the fire of your delicious rage with purple,49
partial_token_sort_ratio,4,638,209,upon thy death face your death draws his sword benvolio,to witness the fire of your delicious rage with purple,48
simple_ratio,4,311,250,your pernicious rage deadly with purple fountains issuing from your,the fireup and this is rage with purple and tissue,53
partial_ratio,4,545,220,and thee have at thee coward they fight citizens enter,the fireup and this is rage with purple and tissue,48
token_sort_ratio,4,592,216,1171 what drawn and talk of peace i hate the,the fireup and this is rage with purple and tissue,51
token_set_ratio,4,673,206,benvolio 1167 what art thou drawn among these heartless hinds,the fireup and this is rage with purple and tissue,43
partial_token_sort_ratio,4,603,214,manage it to part these men with me use tybalt,the fireup and this is rage with purple and tissue,53
simple_ratio,4,300,251,purple fountains issuing from your veins pouring on pain of,with purple and tissue in front of your veins on,64
partial_ratio,4,510,224,weapons down with the capulets down with the montagues lord,with purple and tissue in front of your veins on,49
token_sort_ratio,4,580,217,of peace i hate the word your sword drawn as,with purple and tissue in front of your veins on,52
token_set_ratio,4,673,206,benvolio 1167 what art thou drawn among these heartless hinds,with purple and tissue in front of your veins on,48
partial_token_sort_ratio,4,592,216,1171 what drawn and talk of peace i hate the,with purple and tissue in front of your veins on,51
simple_ratio,4,265,256,the sentence of your movd prince angered 1190 three civil,this week from your days im hanging up torture from,48
partial_ratio,4,486,228,noise is this give me my long sword ho outdated,this week from your days im hanging up torture from,43
token_sort_ratio,4,580,217,of peace i hate the word your sword drawn as,this week from your days im hanging up torture from,46
token_set_ratio,4,638,209,upon thy death face your death draws his sword benvolio,this week from your days im hanging up torture from,46
partial_token_sort_ratio,4,580,217,of peace i hate the word your sword drawn as,this week from your days im hanging up torture from,47
simple_ratio,4,241,261,and montague have thrice disturbed the quiet of our streets,im taking a torture from that lucky dads joblimbers tougher,42
partial_ratio,4,463,231,old age 1177 a crutch a crutch why call you,im taking a torture from that lucky dads joblimbers tougher,44
token_sort_ratio,4,533,222,armed 1174 clubs bills and partisans strike beat them down,im taking a torture from that lucky dads joblimbers tougher,46
token_set_ratio,4,592,215,men with me use tybalt 1171 what drawn and talk,im taking a torture from that lucky dads joblimbers tougher,45
partial_token_sort_ratio,4,533,222,armed 1174 clubs bills and partisans strike beat them down,im taking a torture from that lucky dads joblimbers tougher,47
simple_ratio,4,183,269,to part your cankered hate infected infectious if ever you,im hanging up torture from that lucky cats joblimbers tougher,42
partial_ratio,4,463,231,old age 1177 a crutch a crutch why call you,im hanging up torture from that lucky cats joblimbers tougher,44
token_sort_ratio,4,475,229,my long sword ho outdated weapon lady capulet mocking his,im hanging up torture from that lucky cats joblimbers tougher,46
token_set_ratio,4,603,214,manage it to part these men with me use tybalt,im hanging up torture from that lucky cats joblimbers tougher,45
partial_token_sort_ratio,4,486,228,noise is this give me my long sword ho outdated,im hanging up torture from that lucky cats joblimbers tougher,47
simple_ratio,4,183,269,to part your cankered hate infected infectious if ever you,in a torture from that lucky cats joblimbers tempering weapons,43
partial_ratio,4,393,239,stops him hold me not let me go lady montague,in a torture from that lucky cats joblimbers tempering weapons,45
token_sort_ratio,4,475,229,my long sword ho outdated weapon lady capulet mocking his,in a torture from that lucky cats joblimbers tempering weapons,49
token_set_ratio,4,545,220,and thee have at thee coward they fight citizens enter,in a torture from that lucky cats joblimbers tempering weapons,45
partial_token_sort_ratio,4,475,229,my long sword ho outdated weapon lady capulet mocking his,in a torture from that lucky cats joblimbers tempering weapons,50
simple_ratio,4,171,272,lives shall pay the forfeit of the peace youll be,from that lucky tax trump limits tougher weapons to the,42
partial_ratio,4,346,245,subjects enemies to peace profaners of this neighborstaind steel offenders,from that lucky tax trump limits tougher weapons to the,46
token_sort_ratio,4,475,229,my long sword ho outdated weapon lady capulet mocking his,from that lucky tax trump limits tougher weapons to the,41
token_set_ratio,4,521,223,partisans strike beat them down weapons down with the capulets,from that lucky tax trump limits tougher weapons to the,52
partial_token_sort_ratio,4,475,229,my long sword ho outdated weapon lady capulet mocking his,from that lucky tax trump limits tougher weapons to the,46
simple_ratio,4,136,278,go along with me and montague come you this afternoon,id like it to add to drop lemons to different,45
partial_ratio,4,335,247,bloody will they not hearwhat ho you men you beasts,id like it to add to drop lemons to different,45
token_sort_ratio,4,416,236,his blade in spite of me waves to spite montague,id like it to add to drop lemons to different,45
token_set_ratio,4,510,225,down with the montagues lord lady capulet and lord lady,id like it to add to drop lemons to different,48
partial_token_sort_ratio,4,416,236,his blade in spite of me waves to spite montague,id like it to add to drop lemons to different,48
simple_ratio,4,113,281,in this case my farther 2 fathers 5 decisions to, this time its time for weapons to the ground,47
partial_ratio,4,276,254,throw your mistempered weapons to the ground hostile and hear, this time its time for weapons to the ground,72
token_sort_ratio,4,416,236,his blade in spite of me waves to spite montague, this time its time for weapons to the ground,46
token_set_ratio,4,510,224,weapons down with the capulets down with the montagues lord, this time its time for weapons to the ground,52
partial_token_sort_ratio,4,416,236,his blade in spite of me waves to spite montague, this time its time for weapons to the ground,53
simple_ratio,4,89,285,pain of death all men depart all exit but lord, lets lift it up,35
partial_ratio,4,276,254,throw your mistempered weapons to the ground hostile and hear, lets lift it up,50
token_sort_ratio,4,381,241,1182 thou shalt not stir one 2 foot to seek, lets lift it up,31
token_set_ratio,4,521,223,partisans strike beat them down weapons down with the capulets, lets lift it up,31
partial_token_sort_ratio,4,358,243,a foe a 5 prince enters with attendants 1183 rebellious, lets lift it up,60
simple_ratio,5,708,293,nearby benvolio 11108 here were the servants of your adversary,thats you the servants of your movement prince three civil,48
partial_ratio,4,265,256,the sentence of your movd prince angered 1190 three civil,thats you the servants of your movement prince three civil,74
token_sort_ratio,4,323,248,ho you men you beasts that quench the fire of,thats you the servants of your movement prince three civil,56
token_set_ratio,4,521,223,partisans strike beat them down weapons down with the capulets,thats you the servants of your movement prince three civil,47
partial_token_sort_ratio,4,311,249,that quench the fire of your pernicious rage deadly with,thats you the servants of your movement prince three civil,59
simple_ratio,5,708,293,nearby benvolio 11108 here were the servants of your adversary,and here the sense of your movement prints three civil,52
partial_ratio,4,276,255,the ground hostile and hear the sentence of your movd,and here the sense of your movement prints three civil,67
token_sort_ratio,4,265,256,the sentence of your movd prince angered 1190 three civil,and here the sense of your movement prints three civil,74
token_set_ratio,4,521,223,partisans strike beat them down weapons down with the capulets,and here the sense of your movement prints three civil,49
partial_token_sort_ratio,4,265,256,the sentence of your movd prince angered 1190 three civil,and here the sense of your movement prints three civil,78
simple_ratio,5,673,297,drew to part them in the instant came the fiery,we move it in prison three civil laws reverend mape,43
partial_ratio,4,265,257,prince angered 1190 three civil brawls bred of an airy,we move it in prison three civil laws reverend mape,53
token_sort_ratio,4,265,256,the sentence of your movd prince angered 1190 three civil,we move it in prison three civil laws reverend mape,46
token_set_ratio,4,486,227,montague enter capulet 1176 what noise is this give me,we move it in prison three civil laws reverend mape,46
partial_token_sort_ratio,4,265,256,the sentence of your movd prince angered 1190 three civil,we move it in prison three civil laws reverend mape,53
simple_ratio,5,638,303,and cut the winds who nothing hurt withal hissed him,and multicute ive tried to stir up our sweet pieces,50
partial_ratio,4,241,261,and montague have thrice disturbed the quiet of our streets,and multicute ive tried to stir up our sweet pieces,56
token_sort_ratio,4,241,261,and montague have thrice disturbed the quiet of our streets,and multicute ive tried to stir up our sweet pieces,60
token_set_ratio,4,428,235,montague is come and flourishes his blade in spite of,and multicute ive tried to stir up our sweet pieces,50
partial_token_sort_ratio,4,241,261,and montague have thrice disturbed the quiet of our streets,and multicute ive tried to stir up our sweet pieces,61
simple_ratio,5,638,303,and cut the winds who nothing hurt withal hissed him,and the greatest stirrer of these beasts it every who,46
partial_ratio,4,183,269,to part your cankered hate infected infectious if ever you,and the greatest stirrer of these beasts it every who,54
token_sort_ratio,4,229,262,the quiet of our streets three times and made veronas,and the greatest stirrer of these beasts it every who,51
token_set_ratio,4,428,235,montague is come and flourishes his blade in spite of,and the greatest stirrer of these beasts it every who,47
partial_token_sort_ratio,4,229,262,the quiet of our streets three times and made veronas,and the greatest stirrer of these beasts it every who,56
simple_ratio,5,603,310,side till the prince came who parted either part both,the third verse of these pieces it every who disrupt,48
partial_ratio,4,183,269,to part your cankered hate infected infectious if ever you,the third verse of these pieces it every who disrupt,52
token_sort_ratio,4,229,262,the quiet of our streets three times and made veronas,the third verse of these pieces it every who disrupt,53
token_set_ratio,4,416,236,his blade in spite of me waves to spite montague,the third verse of these pieces it every who disrupt,47
partial_token_sort_ratio,4,229,262,the quiet of our streets three times and made veronas,the third verse of these pieces it every who disrupt,57
simple_ratio,5,580,311,who parted either part both sides lady montague 11118 o,if every who disrupt our streets again your lives are,41
partial_ratio,4,171,270,infected infectious if ever you disturb our streets again your,if every who disrupt our streets again your lives are,78
token_sort_ratio,4,171,270,infected infectious if ever you disturb our streets again your,if every who disrupt our streets again your lives are,71
token_set_ratio,4,358,243,a foe a 5 prince enters with attendants 1183 rebellious,if every who disrupt our streets again your lives are,43
partial_token_sort_ratio,4,171,270,infected infectious if ever you disturb our streets again your,if every who disrupt our streets again your lives are,64
simple_ratio,5,580,311,who parted either part both sides lady montague 11118 o,the streets again your lives shall pay the form of,46
partial_ratio,4,171,271,disturb our streets again your lives shall pay the forfeit,the streets again your lives shall pay the form of,91
token_sort_ratio,4,171,271,disturb our streets again your lives shall pay the forfeit,the streets again your lives shall pay the form of,81
token_set_ratio,4,323,248,ho you men you beasts that quench the fire of,the streets again your lives shall pay the form of,51
partial_token_sort_ratio,4,171,271,disturb our streets again your lives shall pay the forfeit,the streets again your lives shall pay the form of,82
simple_ratio,5,533,317,madam an hour before the worshipped sun peered forth the,youll apply to pay the form of the peace for,44
partial_ratio,4,171,272,lives shall pay the forfeit of the peace youll be,youll apply to pay the form of the peace for,71
token_sort_ratio,4,159,273,of the peace youll be executed for for this time,youll apply to pay the form of the peace for,70
token_set_ratio,4,323,248,ho you men you beasts that quench the fire of,youll apply to pay the form of the peace for,57
partial_token_sort_ratio,4,159,273,of the peace youll be executed for for this time,youll apply to pay the form of the peace for,79
simple_ratio,5,498,324,rooteth from the citys side grows west of the city,the form of the peace for this time all the,49
partial_ratio,4,159,274,executed for for this time all the rest depart away,the form of the peace for this time all the,73
token_sort_ratio,4,159,273,of the peace youll be executed for for this time,the form of the peace for this time all the,68
token_set_ratio,4,323,248,ho you men you beasts that quench the fire of,the form of the peace for this time all the,55
partial_token_sort_ratio,4,159,273,of the peace youll be executed for for this time,the form of the peace for this time all the,78
simple_ratio,5,498,324,rooteth from the citys side grows west of the city,for this time all the rest of the part may,54
partial_ratio,4,159,274,executed for for this time all the rest depart away,for this time all the rest of the part may,88
token_sort_ratio,4,159,274,executed for for this time all the rest depart away,for this time all the rest of the part may,65
token_set_ratio,4,311,249,that quench the fire of your pernicious rage deadly with,for this time all the rest of the part may,49
partial_token_sort_ratio,4,159,274,executed for for this time all the rest depart away,for this time all the rest of the part may,75
simple_ratio,5,498,324,rooteth from the citys side grows west of the city,for this time all the rest of the part may,54
partial_ratio,4,159,274,executed for for this time all the rest depart away,for this time all the rest of the part may,88
token_sort_ratio,4,159,274,executed for for this time all the rest depart away,for this time all the rest of the part may,65
token_set_ratio,4,311,249,that quench the fire of your pernicious rage deadly with,for this time all the rest of the part may,49
partial_token_sort_ratio,4,159,274,executed for for this time all the rest depart away,for this time all the rest of the part may,75
simple_ratio,5,463,330,aware and stole into the covert of the wood hid,partly you can look so come along with me and,46
partial_ratio,4,136,277,you 11100 you capulet shall go along with me and,partly you can look so come along with me and,71
token_sort_ratio,4,136,277,you 11100 you capulet shall go along with me and,partly you can look so come along with me and,65
token_set_ratio,4,276,255,the ground hostile and hear the sentence of your movd,partly you can look so come along with me and,51
partial_token_sort_ratio,4,136,278,go along with me and montague come you this afternoon,partly you can look so come along with me and,73
simple_ratio,5,463,329,was ware of me walked aware and stole into the,so come along with me and multicute coming this afternoon,49
partial_ratio,4,136,278,go along with me and montague come you this afternoon,so come along with me and multicute coming this afternoon,82
token_sort_ratio,4,136,278,go along with me and montague come you this afternoon,so come along with me and multicute coming this afternoon,80
token_set_ratio,4,241,261,and montague have thrice disturbed the quiet of our streets,so come along with me and multicute coming this afternoon,47
partial_token_sort_ratio,4,136,278,go along with me and montague come you this afternoon,so come along with me and multicute coming this afternoon,76
simple_ratio,5,454,332,in the woods i measuring his affections by my 2,with me and multiq coming this afternoon to europe for,51
partial_ratio,4,136,278,go along with me and montague come you this afternoon,with me and multiq coming this afternoon to europe for,71
token_sort_ratio,4,136,278,go along with me and montague come you this afternoon,with me and multiq coming this afternoon to europe for,67
token_set_ratio,4,241,261,and montague have thrice disturbed the quiet of our streets,with me and multiq coming this afternoon to europe for,48
partial_token_sort_ratio,4,136,278,go along with me and montague come you this afternoon,with me and multiq coming this afternoon to europe for,67
simple_ratio,5,454,332,in the woods i measuring his affections by my 2,ill take you coming this afternoon to europe for the,48
partial_ratio,4,124,279,montague come you this afternoon to know our further pleasure,ill take you coming this afternoon to europe for the,66
token_sort_ratio,4,136,278,go along with me and montague come you this afternoon,ill take you coming this afternoon to europe for the,65
token_set_ratio,4,229,262,the quiet of our streets three times and made veronas,ill take you coming this afternoon to europe for the,48
partial_token_sort_ratio,4,136,278,go along with me and montague come you this afternoon,ill take you coming this afternoon to europe for the,63
simple_ratio,5,451,331,covert of the wood hid in the woods i measuring,coming this afternoon to europe for the pleasure in this,47
partial_ratio,4,124,279,montague come you this afternoon to know our further pleasure,coming this afternoon to europe for the pleasure in this,73
token_sort_ratio,4,124,279,montague come you this afternoon to know our further pleasure,coming this afternoon to europe for the pleasure in this,67
token_set_ratio,4,229,262,the quiet of our streets three times and made veronas,coming this afternoon to europe for the pleasure in this,50
partial_token_sort_ratio,4,124,279,montague come you this afternoon to know our further pleasure,coming this afternoon to europe for the pleasure in this,66
simple_ratio,5,454,332,in the woods i measuring his affections by my 2, to do to europe for the pleasure in this case,45
partial_ratio,4,124,280,to know our further pleasure in this case my farther, to do to europe for the pleasure in this case,83
token_sort_ratio,4,124,280,to know our further pleasure in this case my farther, to do to europe for the pleasure in this case,62
token_set_ratio,4,229,262,the quiet of our streets three times and made veronas, to do to europe for the pleasure in this case,53
partial_token_sort_ratio,4,124,279,montague come you this afternoon to know our further pleasure, to do to europe for the pleasure in this case,68
simple_ratio,5,454,332,in the woods i measuring his affections by my 2, pleasure in this case,43
partial_ratio,4,124,280,to know our further pleasure in this case my farther, pleasure in this case,100
token_sort_ratio,4,124,280,to know our further pleasure in this case my farther, pleasure in this case,58
token_set_ratio,4,218,263,three times and made veronas ancient citizens oldest cast by, pleasure in this case,40
partial_token_sort_ratio,4,124,279,montague come you this afternoon to know our further pleasure, pleasure in this case,76
simple_ratio,5,428,337,wanted to be being one too many by my weary, whats more on pain and death of mr parks,45
partial_ratio,4,101,284,public court once more on pain of death all men, whats more on pain and death of mr parks,65
token_sort_ratio,4,101,284,public court once more on pain of death all men, whats more on pain and death of mr parks,60
token_set_ratio,4,229,262,the quiet of our streets three times and made veronas, whats more on pain and death of mr parks,47
partial_token_sort_ratio,4,101,284,public court once more on pain of death all men, whats more on pain and death of mr parks,64
simple_ratio,5,381,344,him montague 11134 many a morning hath he there been,thats more of a pain of death ill get the,47
partial_ratio,4,101,284,public court once more on pain of death all men,thats more of a pain of death ill get the,73
token_sort_ratio,4,101,284,public court once more on pain of death all men,thats more of a pain of death ill get the,57
token_set_ratio,4,229,262,the quiet of our streets three times and made veronas,thats more of a pain of death ill get the,51
partial_token_sort_ratio,4,101,284,public court once more on pain of death all men,thats more of a pain of death ill get the,61
simple_ratio,5,346,350,all so soon as the allcheering sun as soon as, all of the areas will be on,47
partial_ratio,4,101,284,public court once more on pain of death all men, all of the areas will be on,60
token_sort_ratio,4,101,284,public court once more on pain of death all men, all of the areas will be on,54
token_set_ratio,4,229,262,the quiet of our streets three times and made veronas, all of the areas will be on,45
partial_token_sort_ratio,4,101,284,public court once more on pain of death all men, all of the areas will be on,56
simple_ratio,5,300,357,heavy son comes home sad 11140 and private in his,oh mary come on yall saw you in today right,46
partial_ratio,5,732,290,ancient quarrel new abroach in action again speak nephew were,oh mary come on yall saw you in today right,46
token_sort_ratio,5,732,291,action again speak nephew were you by when it began,oh mary come on yall saw you in today right,45
token_set_ratio,4,194,268,old weapons cankered with peace to part your cankered hate,oh mary come on yall saw you in today right,46
partial_token_sort_ratio,4,101,284,public court once more on pain of death all men,oh mary come on yall saw you in today right,46
simple_ratio,5,311,356,the light steals home my heavy son comes home sad,why do i have you no thats right hes mad,43
partial_ratio,5,697,294,the servants of your adversary and yours close fighting ere,why do i have you no thats right hes mad,49
token_sort_ratio,5,697,294,the servants of your adversary and yours close fighting ere,why do i have you no thats right hes mad,53
token_set_ratio,4,183,269,to part your cankered hate infected infectious if ever you,why do i have you no thats right hes mad,51
partial_token_sort_ratio,5,708,292,you by when it began nearby benvolio 11108 here were,why do i have you no thats right hes mad,49
simple_ratio,5,311,356,the light steals home my heavy son comes home sad,thats right its natalie now were before the worst of,48
partial_ratio,5,708,293,nearby benvolio 11108 here were the servants of your adversary,thats right its natalie now were before the worst of,51
token_sort_ratio,5,708,293,nearby benvolio 11108 here were the servants of your adversary,thats right its natalie now were before the worst of,53
token_set_ratio,4,171,272,lives shall pay the forfeit of the peace youll be,thats right its natalie now were before the worst of,54
partial_token_sort_ratio,5,708,293,nearby benvolio 11108 here were the servants of your adversary,thats right its natalie now were before the worst of,59
simple_ratio,5,311,355,god of dawn away from the light steals home my,now now were before the worst of the sudden were,45
partial_ratio,5,708,293,nearby benvolio 11108 here were the servants of your adversary,now now were before the worst of the sudden were,52
token_sort_ratio,5,708,293,nearby benvolio 11108 here were the servants of your adversary,now now were before the worst of the sudden were,49
token_set_ratio,4,159,275,all the rest depart away for now the rest of,now now were before the worst of the sudden were,57
partial_token_sort_ratio,5,708,293,nearby benvolio 11108 here were the servants of your adversary,now now were before the worst of the sudden were,60
simple_ratio,5,311,355,god of dawn away from the light steals home my,now im in for the worship sun here for the,43
partial_ratio,5,685,296,i did approach before i drew to part them in,now im in for the worship sun here for the,49
token_sort_ratio,5,685,296,i did approach before i drew to part them in,now im in for the worship sun here for the,51
token_set_ratio,4,159,275,all the rest depart away for now the rest of,now im in for the worship sun here for the,52
partial_token_sort_ratio,5,685,296,i did approach before i drew to part them in,now im in for the worship sun here for the,56
simple_ratio,5,311,356,the light steals home my heavy son comes home sad,the first time youre going to go to the winners,48
partial_ratio,5,673,297,drew to part them in the instant came the fiery,the first time youre going to go to the winners,52
token_sort_ratio,5,638,302,he swung about his head and cut the winds who,the first time youre going to go to the winners,46
token_set_ratio,4,136,278,go along with me and montague come you this afternoon,the first time youre going to go to the winners,49
partial_token_sort_ratio,5,673,297,drew to part them in the instant came the fiery,the first time youre going to go to the winners,55
simple_ratio,5,253,364,prove foreboding mood unless good counsel may the cause remove,were going to be trying to lie to you while,42
partial_ratio,5,627,305,in scorn not hurting anyone while we were interchanging thrusts,were going to be trying to lie to you while,50
token_sort_ratio,5,627,305,in scorn not hurting anyone while we were interchanging thrusts,were going to be trying to lie to you while,51
token_set_ratio,4,124,279,montague come you this afternoon to know our further pleasure,were going to be trying to lie to you while,49
partial_token_sort_ratio,5,627,305,in scorn not hurting anyone while we were interchanging thrusts,were going to be trying to lie to you while,58
simple_ratio,5,218,367,11146 my noble uncle do you know the cause montague,im trying to mind you when youre walking through off,43
partial_ratio,5,627,305,in scorn not hurting anyone while we were interchanging thrusts,im trying to mind you when youre walking through off,52
token_sort_ratio,5,568,313,where is romeo saw you him today right glad i,im trying to mind you when youre walking through off,47
token_set_ratio,4,124,280,to know our further pleasure in this case my farther,im trying to mind you when youre walking through off,48
partial_token_sort_ratio,5,568,313,where is romeo saw you him today right glad i,im trying to mind you when youre walking through off,49
simple_ratio,5,183,371,learn it from him benvolio 11148 have you importuned him,were underneath the throat of a signal you said whats,40
partial_ratio,5,568,313,where is romeo saw you him today right glad i,were underneath the throat of a signal you said whats,48
token_sort_ratio,5,510,321,me to walk abroad drave 3 around where underneath the,were underneath the throat of a signal you said whats,57
token_set_ratio,4,124,280,to know our further pleasure in this case my farther,were underneath the throat of a signal you said whats,46
partial_token_sort_ratio,5,510,321,me to walk abroad drave 3 around where underneath the,were underneath the throat of a signal you said whats,62
simple_ratio,5,148,375,many other friends but he his 3 own affections counselor,were underneath the throat of a single one you said,41
partial_ratio,5,510,321,me to walk abroad drave 3 around where underneath the,were underneath the throat of a single one you said,54
token_sort_ratio,5,510,321,me to walk abroad drave 3 around where underneath the,were underneath the throat of a single one you said,62
token_set_ratio,4,113,282,2 fathers 5 decisions to old freetown our common judgmentplace,were underneath the throat of a single one you said,46
partial_token_sort_ratio,5,510,321,me to walk abroad drave 3 around where underneath the,were underneath the throat of a single one you said,63
simple_ratio,5,148,375,many other friends but he his 3 own affections counselor,that western resistance system so really walking when i see,42
partial_ratio,5,486,325,grows west of the city so early walking did i,that western resistance system so really walking when i see,60
token_sort_ratio,5,486,325,grows west of the city so early walking did i,that western resistance system so really walking when i see,58
token_set_ratio,5,743,288,2 to benvolio lady montague 1 11106 who set this,that western resistance system so really walking when i see,41
partial_token_sort_ratio,5,475,326,so early walking did i see your son 11125 towards,that western resistance system so really walking when i see,60
simple_ratio,5,113,382,only closed so far from sounding and discovery reasoning understanding,western roots are safe son so early walking did i,47
partial_ratio,5,486,325,grows west of the city so early walking did i,western roots are safe son so early walking did i,74
token_sort_ratio,5,486,325,grows west of the city so early walking did i,western roots are safe son so early walking did i,70
token_set_ratio,5,685,295,and yours close fighting ere i did approach before i,western roots are safe son so early walking did i,46
partial_token_sort_ratio,5,486,325,grows west of the city so early walking did i,western roots are safe son so early walking did i,73
simple_ratio,6,755,390,same 2 could we but learn from whence his sorrows,im so thoroughly walking when i see your son towards,48
partial_ratio,5,475,326,so early walking did i see your son 11125 towards,im so thoroughly walking when i see your son towards,78
token_sort_ratio,5,475,326,so early walking did i see your son 11125 towards,im so thoroughly walking when i see your son towards,69
token_set_ratio,5,638,303,and cut the winds who nothing hurt withal hissed him,im so thoroughly walking when i see your son towards,42
partial_token_sort_ratio,5,475,326,so early walking did i see your son 11125 towards,im so thoroughly walking when i see your son towards,67
simple_ratio,6,732,393,where we would as willingly give cure as know romeo,so theyre really walking when i see their son towards,46
partial_ratio,5,475,326,so early walking did i see your son 11125 towards,so theyre really walking when i see their son towards,73
token_sort_ratio,5,475,326,so early walking did i see your son 11125 towards,so theyre really walking when i see their son towards,67
token_set_ratio,5,638,302,he swung about his head and cut the winds who,so theyre really walking when i see their son towards,45
partial_token_sort_ratio,5,475,326,so early walking did i see your son 11125 towards,so theyre really walking when i see their son towards,69
simple_ratio,6,673,401,i would thou wert so happy by thy stay wish,so towards my baby he was wearing it and stole,45
partial_ratio,5,463,329,was ware of me walked aware and stole into the,so towards my baby he was wearing it and stole,60
token_sort_ratio,5,463,329,was ware of me walked aware and stole into the,so towards my baby he was wearing it and stole,65
token_set_ratio,5,638,302,he swung about his head and cut the winds who,so towards my baby he was wearing it and stole,53
partial_token_sort_ratio,5,463,329,was ware of me walked aware and stole into the,so towards my baby he was wearing it and stole,68
simple_ratio,6,662,402,happy by thy stay wish successful to hear true shrift,towards my baby he was wearing it and stole it,44
partial_ratio,5,463,329,was ware of me walked aware and stole into the,towards my baby he was wearing it and stole it,62
token_sort_ratio,5,463,329,was ware of me walked aware and stole into the,towards my baby he was wearing it and stole it,61
token_set_ratio,5,650,301,breathed defiance to my ears he swung about his head,towards my baby he was wearing it and stole it,51
partial_token_sort_ratio,5,463,329,was ware of me walked aware and stole into the,towards my baby he was wearing it and stole it,64
simple_ratio,6,673,401,i would thou wert so happy by thy stay wish,its still into the comfort of the world that anymore,44
partial_ratio,5,463,330,aware and stole into the covert of the wood hid,its still into the comfort of the world that anymore,70
token_sort_ratio,5,463,330,aware and stole into the covert of the wood hid,its still into the comfort of the world that anymore,67
token_set_ratio,5,627,305,in scorn not hurting anyone while we were interchanging thrusts,its still into the comfort of the world that anymore,50
partial_token_sort_ratio,5,463,330,aware and stole into the covert of the wood hid,its still into the comfort of the world that anymore,66
simple_ratio,6,673,401,i would thou wert so happy by thy stay wish,and stolen to the cover of the web many more,44
partial_ratio,5,463,330,aware and stole into the covert of the wood hid,and stolen to the cover of the web many more,75
token_sort_ratio,5,463,330,aware and stole into the covert of the wood hid,and stolen to the cover of the web many more,68
token_set_ratio,5,615,308,more and fought on part and part people on each,and stolen to the cover of the web many more,56
partial_token_sort_ratio,5,463,330,aware and stole into the covert of the wood hid,and stolen to the cover of the web many more,70
simple_ratio,6,662,402,happy by thy stay wish successful to hear true shrift,thank you for watching and ill see you in the,41
partial_ratio,5,463,329,was ware of me walked aware and stole into the,thank you for watching and ill see you in the,51
token_sort_ratio,5,463,330,aware and stole into the covert of the wood hid,thank you for watching and ill see you in the,54
token_set_ratio,5,603,309,and part people on each side till the prince came,thank you for watching and ill see you in the,47
partial_token_sort_ratio,5,463,330,aware and stole into the covert of the wood hid,thank you for watching and ill see you in the,53
simple_ratio,6,556,410,ay me sad hours seem long 11166 was that my,thank you more as you can see with the tears,46
partial_ratio,5,463,329,was ware of me walked aware and stole into the,thank you more as you can see with the tears,52
token_sort_ratio,5,463,330,aware and stole into the covert of the wood hid,thank you more as you can see with the tears,46
token_set_ratio,5,603,310,side till the prince came who parted either part both,thank you more as you can see with the tears,49
partial_token_sort_ratio,5,463,330,aware and stole into the covert of the wood hid,thank you more as you can see with the tears,54
simple_ratio,6,556,410,ay me sad hours seem long 11166 was that my,anymore as you can see with tears ive been in,43
partial_ratio,5,463,330,aware and stole into the covert of the wood hid,anymore as you can see with tears ive been in,50
token_sort_ratio,5,463,330,aware and stole into the covert of the wood hid,anymore as you can see with tears ive been in,48
token_set_ratio,5,603,309,and part people on each side till the prince came,anymore as you can see with tears ive been in,47
partial_token_sort_ratio,5,463,330,aware and stole into the covert of the wood hid,anymore as you can see with tears ive been in,49
simple_ratio,6,510,414,was what sadness lengthens romeos hours romeo 11169 not having,see with tears ive been to the freshmen at the,44
partial_ratio,5,463,329,was ware of me walked aware and stole into the,see with tears ive been to the freshmen at the,52
token_sort_ratio,5,428,336,most might not be found wanted to be being one,see with tears ive been to the freshmen at the,50
token_set_ratio,5,533,317,madam an hour before the worshipped sun peered forth the,see with tears ive been to the freshmen at the,49
partial_token_sort_ratio,5,428,336,most might not be found wanted to be being one,see with tears ive been to the freshmen at the,51
simple_ratio,6,393,422,alas that love so gentle in his view too bad,hes deep son i lay from the legs till school,39
partial_ratio,5,463,330,aware and stole into the covert of the wood hid,hes deep son i lay from the legs till school,47
token_sort_ratio,5,405,341,his followed honor 15 mood questioning and gladly shunned who,hes deep son i lay from the legs till school,44
token_set_ratio,5,498,324,rooteth from the citys side grows west of the city,hes deep son i lay from the legs till school,49
partial_token_sort_ratio,5,381,343,gladly fled from me avoided him montague 11134 many a,hes deep son i lay from the legs till school,49
simple_ratio,6,393,422,alas that love so gentle in his view too bad,for my every son and pride in his chamber of,48
partial_ratio,5,463,330,aware and stole into the covert of the wood hid,for my every son and pride in his chamber of,51
token_sort_ratio,5,346,349,with his deep sighs but all so soon as the,for my every son and pride in his chamber of,44
token_set_ratio,5,463,330,aware and stole into the covert of the wood hid,for my every son and pride in his chamber of,55
partial_token_sort_ratio,5,370,346,seen with tears augmenting the fresh morning dew adding to,for my every son and pride in his chamber of,48
simple_ratio,6,381,425,be so tyrannous and rough in proof is actually rough,chamber of tanks and some shots of history of those,52
partial_ratio,5,463,330,aware and stole into the covert of the wood hid,chamber of tanks and some shots of history of those,54
token_sort_ratio,5,346,350,all so soon as the allcheering sun as soon as,chamber of tanks and some shots of history of those,50
token_set_ratio,5,463,330,aware and stole into the covert of the wood hid,chamber of tanks and some shots of history of those,55
partial_token_sort_ratio,5,346,350,all so soon as the allcheering sun as soon as,chamber of tanks and some shots of history of those,49
simple_ratio,6,311,433,o me what fray was here yet tell me not,        ,34
partial_ratio,5,463,329,was ware of me walked aware and stole into the,        ,38
simple_ratio,6,279,440,o loving hate o anything of nothing first create 1,thank you so much for watching and ill see you,46
partial_ratio,5,440,335,which then most sought where most might not be found,thank you so much for watching and ill see you,50
token_sort_ratio,5,335,351,allcheering sun as soon as should in the furthest east,thank you so much for watching and ill see you,46
token_set_ratio,5,463,329,was ware of me walked aware and stole into the,thank you so much for watching and ill see you,50
partial_token_sort_ratio,5,335,351,allcheering sun as soon as should in the furthest east,thank you so much for watching and ill see you,49
simple_ratio,6,218,448,sleep that is not what it is always this love,        ,30
partial_ratio,5,440,334,own guessing mood mine 1 which then most sought where,        ,38
simple_ratio,6,218,450,feel i that feel no love in this i love,        ,34
partial_ratio,5,454,333,his affections by my 2 own guessing mood mine 1,        ,38
simple_ratio,6,218,450,feel i that feel no love in this i love, thank you,29
partial_ratio,5,440,334,own guessing mood mine 1 which then most sought where, thank you,60
token_sort_ratio,5,323,352,should in the furthest east begin to draw the shady, thank you,23
token_set_ratio,5,454,332,in the woods i measuring his affections by my 2, thank you,25
partial_token_sort_ratio,5,335,351,allcheering sun as soon as should in the furthest east, thank you,56
simple_ratio,6,218,450,feel i that feel no love in this i love,          ,37
partial_ratio,5,454,333,his affections by my 2 own guessing mood mine 1,          ,40
simple_ratio,6,218,450,feel i that feel no love in this i love,             ,35
partial_ratio,5,454,333,his affections by my 2 own guessing mood mine 1,             ,38
simple_ratio,6,218,450,feel i that feel no love in this i love,           ,36
partial_ratio,5,454,333,his affections by my 2 own guessing mood mine 1,           ,36
simple_ratio,6,218,450,feel i that feel no love in this i love,       ,30
partial_ratio,5,454,332,in the woods i measuring his affections by my 2,       ,43
simple_ratio,6,218,450,feel i that feel no love in this i love,             ,35
partial_ratio,5,454,333,his affections by my 2 own guessing mood mine 1,             ,38
simple_ratio,6,218,450,feel i that feel no love in this i love,            ,35
partial_ratio,5,454,333,his affections by my 2 own guessing mood mine 1,            ,33
simple_ratio,6,218,450,feel i that feel no love in this i love,      ,27
partial_ratio,5,454,333,his affections by my 2 own guessing mood mine 1,      ,50
simple_ratio,6,218,450,feel i that feel no love in this i love,      ,27
partial_ratio,5,454,333,his affections by my 2 own guessing mood mine 1,      ,50
simple_ratio,6,218,450,feel i that feel no love in this i love,         ,38
partial_ratio,5,454,333,his affections by my 2 own guessing mood mine 1,         ,44
simple_ratio,6,218,450,feel i that feel no love in this i love,         ,38
partial_ratio,5,454,333,his affections by my 2 own guessing mood mine 1,         ,44
simple_ratio,6,218,450,feel i that feel no love in this i love,        ,34
partial_ratio,5,454,332,in the woods i measuring his affections by my 2,        ,38
simple_ratio,6,218,450,feel i that feel no love in this i love,              ,34
partial_ratio,5,454,333,his affections by my 2 own guessing mood mine 1,              ,36
simple_ratio,6,218,450,feel i that feel no love in this i love,         ,38
partial_ratio,5,454,333,his affections by my 2 own guessing mood mine 1,         ,44
simple_ratio,6,218,450,feel i that feel no love in this i love,         ,38
partial_ratio,5,454,333,his affections by my 2 own guessing mood mine 1,         ,44
simple_ratio,6,218,449,it is always this love feel i that feel no, you,13
partial_ratio,5,440,334,own guessing mood mine 1 which then most sought where, you,75
token_sort_ratio,5,323,352,should in the furthest east begin to draw the shady, you,11
token_set_ratio,5,416,338,too many by my weary self not wanting company pursued, you,11
partial_token_sort_ratio,5,335,351,allcheering sun as soon as should in the furthest east, you,67
simple_ratio,6,218,448,sleep that is not what it is always this love, okay,16
partial_ratio,5,428,337,wanted to be being one too many by my weary, okay,60
token_sort_ratio,5,311,354,curtains from aurora s bed god of dawn away from, okay,12
token_set_ratio,5,428,337,wanted to be being one too many by my weary, okay,13
partial_token_sort_ratio,5,323,352,should in the furthest east begin to draw the shady, okay,50
simple_ratio,6,218,448,sleep that is not what it is always this love, okay,16
partial_ratio,5,428,337,wanted to be being one too many by my weary, okay,60
token_sort_ratio,5,311,354,curtains from aurora s bed god of dawn away from, okay,12
token_set_ratio,5,428,337,wanted to be being one too many by my weary, okay,13
partial_token_sort_ratio,5,323,352,should in the furthest east begin to draw the shady, okay,50
simple_ratio,6,218,448,sleep that is not what it is always this love, okay,16
partial_ratio,5,428,337,wanted to be being one too many by my weary, okay,60
token_sort_ratio,5,311,354,curtains from aurora s bed god of dawn away from, okay,12
token_set_ratio,5,428,337,wanted to be being one too many by my weary, okay,13
partial_token_sort_ratio,5,323,352,should in the furthest east begin to draw the shady, okay,50
simple_ratio,6,218,450,feel i that feel no love in this i love,        ,34
partial_ratio,5,428,336,most might not be found wanted to be being one,        ,38
